state,district,forecast_time,temperature,humidity,weather,description
Telangana,Adilabad,2026-06-10 15:00:00,35.41,39,Rain,light rain
Telangana,Adilabad,2026-06-10 18:00:00,33.13,47,Rain,light rain
Telangana,Adilabad,2026-06-10 21:00:00,29.44,61,Clouds,overcast clouds
Telangana,Adilabad,2026-06-11 00:00:00,29.07,61,Clouds,overcast clouds
Telangana,Adilabad,2026-06-11 03:00:00,33.01,46,Clouds,scattered clouds
Telangana,Adilabad,2026-06-11 06:00:00,38.08,32,Clouds,few clouds
Telangana,Adilabad,2026-06-11 09:00:00,41.87,22,Clouds,few clouds
Telangana,Adilabad,2026-06-11 12:00:00,42.04,20,Clouds,scattered clouds
Telangana,Adilabad,2026-06-11 15:00:00,35.48,34,Rain,light rain
Telangana,Adilabad,2026-06-11 18:00:00,35.45,34,Rain,light rain
Telangana,Adilabad,2026-06-11 21:00:00,33.4,41,Rain,light rain
Telangana,Adilabad,2026-06-12 00:00:00,31.19,51,Rain,light rain
Telangana,Adilabad,2026-06-12 03:00:00,34.42,42,Clouds,broken clouds
Telangana,Adilabad,2026-06-12 06:00:00,37.96,33,Clouds,overcast clouds
Telangana,Adilabad,2026-06-12 09:00:00,41.79,23,Clouds,broken clouds
Telangana,Adilabad,2026-06-12 12:00:00,37.44,31,Rain,light rain
Telangana,Adilabad,2026-06-12 15:00:00,33.35,44,Rain,light rain
Telangana,Adilabad,2026-06-12 18:00:00,32.2,48,Clouds,overcast clouds
Telangana,Adilabad,2026-06-12 21:00:00,30.08,54,Clouds,scattered clouds
Telangana,Adilabad,2026-06-13 00:00:00,29.39,62,Clouds,broken clouds
Telangana,Adilabad,2026-06-13 03:00:00,31.1,54,Clouds,overcast clouds
Telangana,Adilabad,2026-06-13 06:00:00,34.63,41,Clouds,overcast clouds
Telangana,Adilabad,2026-06-13 09:00:00,39.8,28,Clouds,overcast clouds
Telangana,Adilabad,2026-06-13 12:00:00,38.37,29,Clouds,overcast clouds
Telangana,Adilabad,2026-06-13 15:00:00,32.93,42,Clouds,broken clouds
Telangana,Adilabad,2026-06-13 18:00:00,32.72,41,Rain,light rain
Telangana,Adilabad,2026-06-13 21:00:00,33.6,36,Clouds,overcast clouds
Telangana,Adilabad,2026-06-14 00:00:00,31.84,44,Clouds,overcast clouds
Telangana,Adilabad,2026-06-14 03:00:00,33.27,44,Clouds,overcast clouds
Telangana,Adilabad,2026-06-14 06:00:00,34.58,41,Clouds,overcast clouds
Telangana,Adilabad,2026-06-14 09:00:00,39.93,26,Clouds,broken clouds
Telangana,Adilabad,2026-06-14 12:00:00,40.62,19,Clouds,broken clouds
Telangana,Adilabad,2026-06-14 15:00:00,37.42,23,Clouds,broken clouds
Telangana,Adilabad,2026-06-14 18:00:00,35.05,25,Clouds,scattered clouds
Telangana,Adilabad,2026-06-14 21:00:00,33.32,36,Clouds,scattered clouds
Telangana,Adilabad,2026-06-15 00:00:00,31.25,50,Clouds,broken clouds
Telangana,Adilabad,2026-06-15 03:00:00,33.51,45,Clouds,scattered clouds
Telangana,Adilabad,2026-06-15 06:00:00,38.14,32,Clouds,scattered clouds
Telangana,Adilabad,2026-06-15 09:00:00,39.35,25,Clouds,overcast clouds
Telangana,Adilabad,2026-06-15 12:00:00,40.68,19,Clouds,broken clouds
Telangana,Bhadradri Kothagudem,2026-06-10 15:00:00,36.12,42,Rain,light rain
Telangana,Bhadradri Kothagudem,2026-06-10 18:00:00,32.42,56,Rain,light rain
Telangana,Bhadradri Kothagudem,2026-06-10 21:00:00,28.22,69,Rain,light rain
Telangana,Bhadradri Kothagudem,2026-06-11 00:00:00,28.42,68,Clouds,overcast clouds
Telangana,Bhadradri Kothagudem,2026-06-11 03:00:00,32.43,49,Clouds,overcast clouds
Telangana,Bhadradri Kothagudem,2026-06-11 06:00:00,37.93,35,Clouds,overcast clouds
Telangana,Bhadradri Kothagudem,2026-06-11 09:00:00,41.1,27,Clouds,overcast clouds
Telangana,Bhadradri Kothagudem,2026-06-11 12:00:00,39.77,29,Clouds,overcast clouds
Telangana,Bhadradri Kothagudem,2026-06-11 15:00:00,34.85,42,Clouds,scattered clouds
Telangana,Bhadradri Kothagudem,2026-06-11 18:00:00,29.52,68,Rain,light rain
Telangana,Bhadradri Kothagudem,2026-06-11 21:00:00,25.98,85,Rain,moderate rain
Telangana,Bhadradri Kothagudem,2026-06-12 00:00:00,26.78,79,Rain,light rain
Telangana,Bhadradri Kothagudem,2026-06-12 03:00:00,29.38,67,Clouds,overcast clouds
Telangana,Bhadradri Kothagudem,2026-06-12 06:00:00,35.1,45,Clouds,overcast clouds
Telangana,Bhadradri Kothagudem,2026-06-12 09:00:00,37.89,36,Clouds,overcast clouds
Telangana,Bhadradri Kothagudem,2026-06-12 12:00:00,37.3,38,Clouds,overcast clouds
Telangana,Bhadradri Kothagudem,2026-06-12 15:00:00,31.53,57,Rain,light rain
Telangana,Bhadradri Kothagudem,2026-06-12 18:00:00,27.65,77,Rain,light rain
Telangana,Bhadradri Kothagudem,2026-06-12 21:00:00,27.73,78,Clouds,overcast clouds
Telangana,Bhadradri Kothagudem,2026-06-13 00:00:00,27.54,78,Clouds,broken clouds
Telangana,Bhadradri Kothagudem,2026-06-13 03:00:00,30.82,59,Clouds,overcast clouds
Telangana,Bhadradri Kothagudem,2026-06-13 06:00:00,36.5,40,Clouds,broken clouds
Telangana,Bhadradri Kothagudem,2026-06-13 09:00:00,38.94,32,Clouds,few clouds
Telangana,Bhadradri Kothagudem,2026-06-13 12:00:00,38.84,31,Clouds,few clouds
Telangana,Bhadradri Kothagudem,2026-06-13 15:00:00,31.9,56,Rain,light rain
Telangana,Bhadradri Kothagudem,2026-06-13 18:00:00,31.27,58,Rain,light rain
Telangana,Bhadradri Kothagudem,2026-06-13 21:00:00,30.7,61,Clouds,overcast clouds
Telangana,Bhadradri Kothagudem,2026-06-14 00:00:00,30.68,61,Clouds,overcast clouds
Telangana,Bhadradri Kothagudem,2026-06-14 03:00:00,29.8,60,Clouds,overcast clouds
Telangana,Bhadradri Kothagudem,2026-06-14 06:00:00,35.57,40,Clouds,overcast clouds
Telangana,Bhadradri Kothagudem,2026-06-14 09:00:00,40.57,25,Clouds,broken clouds
Telangana,Bhadradri Kothagudem,2026-06-14 12:00:00,37.87,31,Clouds,broken clouds
Telangana,Bhadradri Kothagudem,2026-06-14 15:00:00,32.66,47,Rain,light rain
Telangana,Bhadradri Kothagudem,2026-06-14 18:00:00,30.36,60,Rain,light rain
Telangana,Bhadradri Kothagudem,2026-06-14 21:00:00,30.37,58,Clouds,overcast clouds
Telangana,Bhadradri Kothagudem,2026-06-15 00:00:00,30.79,51,Clouds,overcast clouds
Telangana,Bhadradri Kothagudem,2026-06-15 03:00:00,32.02,49,Clouds,overcast clouds
Telangana,Bhadradri Kothagudem,2026-06-15 06:00:00,37.29,31,Clouds,overcast clouds
Telangana,Bhadradri Kothagudem,2026-06-15 09:00:00,37.16,33,Clouds,overcast clouds
Telangana,Bhadradri Kothagudem,2026-06-15 12:00:00,35.99,36,Rain,light rain
Telangana,Hyderabad,2026-06-10 15:00:00,25.28,80,Rain,heavy intensity rain
Telangana,Hyderabad,2026-06-10 18:00:00,27.32,63,Rain,moderate rain
Telangana,Hyderabad,2026-06-10 21:00:00,25.17,74,Rain,light rain
Telangana,Hyderabad,2026-06-11 00:00:00,25.09,77,Rain,light rain
Telangana,Hyderabad,2026-06-11 03:00:00,28.25,65,Clouds,overcast clouds
Telangana,Hyderabad,2026-06-11 06:00:00,32.84,46,Clouds,overcast clouds
Telangana,Hyderabad,2026-06-11 09:00:00,36.33,34,Clouds,few clouds
Telangana,Hyderabad,2026-06-11 12:00:00,35.75,34,Clouds,scattered clouds
Telangana,Hyderabad,2026-06-11 15:00:00,32.79,43,Clouds,few clouds
Telangana,Hyderabad,2026-06-11 18:00:00,31.01,48,Rain,light rain
Telangana,Hyderabad,2026-06-11 21:00:00,28.75,58,Clear,clear sky
Telangana,Hyderabad,2026-06-12 00:00:00,27.02,66,Rain,light rain
Telangana,Hyderabad,2026-06-12 03:00:00,29.4,57,Clouds,scattered clouds
Telangana,Hyderabad,2026-06-12 06:00:00,33.71,43,Clouds,scattered clouds
Telangana,Hyderabad,2026-06-12 09:00:00,36.54,35,Clouds,scattered clouds
Telangana,Hyderabad,2026-06-12 12:00:00,35.21,37,Rain,light rain
Telangana,Hyderabad,2026-06-12 15:00:00,25.93,80,Rain,heavy intensity rain
Telangana,Hyderabad,2026-06-12 18:00:00,24.92,79,Rain,moderate rain
Telangana,Hyderabad,2026-06-12 21:00:00,25.23,79,Rain,moderate rain
Telangana,Hyderabad,2026-06-13 00:00:00,26.47,70,Rain,light rain
Telangana,Hyderabad,2026-06-13 03:00:00,26.15,70,Clouds,overcast clouds
Telangana,Hyderabad,2026-06-13 06:00:00,31.85,43,Clouds,overcast clouds
Telangana,Hyderabad,2026-06-13 09:00:00,34.03,39,Clouds,scattered clouds
Telangana,Hyderabad,2026-06-13 12:00:00,32.82,41,Clouds,scattered clouds
Telangana,Hyderabad,2026-06-13 15:00:00,30.57,50,Clouds,scattered clouds
Telangana,Hyderabad,2026-06-13 18:00:00,30.11,51,Clouds,broken clouds
Telangana,Hyderabad,2026-06-13 21:00:00,28.37,60,Rain,light rain
Telangana,Hyderabad,2026-06-14 00:00:00,27.63,63,Clouds,broken clouds
Telangana,Hyderabad,2026-06-14 03:00:00,28.88,59,Clouds,overcast clouds
Telangana,Hyderabad,2026-06-14 06:00:00,30.08,52,Clouds,overcast clouds
Telangana,Hyderabad,2026-06-14 09:00:00,30.05,51,Clouds,overcast clouds
Telangana,Hyderabad,2026-06-14 12:00:00,30.52,48,Clouds,overcast clouds
Telangana,Hyderabad,2026-06-14 15:00:00,29.99,48,Clouds,overcast clouds
Telangana,Hyderabad,2026-06-14 18:00:00,29.3,50,Clouds,overcast clouds
Telangana,Hyderabad,2026-06-14 21:00:00,28.26,52,Clouds,overcast clouds
Telangana,Hyderabad,2026-06-15 00:00:00,27.25,58,Clouds,broken clouds
Telangana,Hyderabad,2026-06-15 03:00:00,29.6,52,Clouds,broken clouds
Telangana,Hyderabad,2026-06-15 06:00:00,31.66,45,Clouds,overcast clouds
Telangana,Hyderabad,2026-06-15 09:00:00,32.97,41,Clouds,overcast clouds
Telangana,Hyderabad,2026-06-15 12:00:00,32.65,42,Clouds,overcast clouds
Telangana,Jagtial,2026-06-10 15:00:00,33.34,46,Rain,light rain
Telangana,Jagtial,2026-06-10 18:00:00,30.39,57,Rain,light rain
Telangana,Jagtial,2026-06-10 21:00:00,27.42,66,Rain,light rain
Telangana,Jagtial,2026-06-11 00:00:00,29.54,55,Rain,light rain
Telangana,Jagtial,2026-06-11 03:00:00,32.57,49,Clouds,broken clouds
Telangana,Jagtial,2026-06-11 06:00:00,37.75,32,Clouds,broken clouds
Telangana,Jagtial,2026-06-11 09:00:00,40.5,24,Clouds,scattered clouds
Telangana,Jagtial,2026-06-11 12:00:00,40.03,23,Clouds,scattered clouds
Telangana,Jagtial,2026-06-11 15:00:00,36.79,30,Clouds,scattered clouds
Telangana,Jagtial,2026-06-11 18:00:00,33.34,41,Rain,light rain
Telangana,Jagtial,2026-06-11 21:00:00,30.93,51,Rain,light rain
Telangana,Jagtial,2026-06-12 00:00:00,27.97,58,Rain,light rain
Telangana,Jagtial,2026-06-12 03:00:00,33.51,44,Rain,light rain
Telangana,Jagtial,2026-06-12 06:00:00,38.02,30,Clouds,few clouds
Telangana,Jagtial,2026-06-12 09:00:00,40.32,25,Clouds,broken clouds
Telangana,Jagtial,2026-06-12 12:00:00,28.15,65,Rain,light rain
Telangana,Jagtial,2026-06-12 15:00:00,31.11,44,Rain,light rain
Telangana,Jagtial,2026-06-12 18:00:00,28.92,57,Rain,moderate rain
Telangana,Jagtial,2026-06-12 21:00:00,29.22,58,Clouds,overcast clouds
Telangana,Jagtial,2026-06-13 00:00:00,28.46,63,Clouds,overcast clouds
Telangana,Jagtial,2026-06-13 03:00:00,30.12,57,Clouds,overcast clouds
Telangana,Jagtial,2026-06-13 06:00:00,34.17,42,Clouds,broken clouds
Telangana,Jagtial,2026-06-13 09:00:00,36.03,36,Clouds,overcast clouds
Telangana,Jagtial,2026-06-13 12:00:00,35.2,38,Clouds,overcast clouds
Telangana,Jagtial,2026-06-13 15:00:00,32.04,46,Clouds,few clouds
Telangana,Jagtial,2026-06-13 18:00:00,29.97,55,Rain,light rain
Telangana,Jagtial,2026-06-13 21:00:00,30.24,48,Rain,light rain
Telangana,Jagtial,2026-06-14 00:00:00,29.23,54,Clouds,overcast clouds
Telangana,Jagtial,2026-06-14 03:00:00,29.95,55,Clouds,overcast clouds
Telangana,Jagtial,2026-06-14 06:00:00,32.94,44,Clouds,overcast clouds
Telangana,Jagtial,2026-06-14 09:00:00,34.71,39,Clouds,overcast clouds
Telangana,Jagtial,2026-06-14 12:00:00,35.73,36,Clouds,broken clouds
Telangana,Jagtial,2026-06-14 15:00:00,31.94,45,Clouds,broken clouds
Telangana,Jagtial,2026-06-14 18:00:00,30.71,45,Clouds,scattered clouds
Telangana,Jagtial,2026-06-14 21:00:00,30.13,48,Clouds,overcast clouds
Telangana,Jagtial,2026-06-15 00:00:00,29.91,46,Clouds,overcast clouds
Telangana,Jagtial,2026-06-15 03:00:00,31.56,49,Clouds,overcast clouds
Telangana,Jagtial,2026-06-15 06:00:00,35.68,37,Clouds,overcast clouds
Telangana,Jagtial,2026-06-15 09:00:00,39.19,27,Clouds,scattered clouds
Telangana,Jagtial,2026-06-15 12:00:00,39.4,23,Clouds,broken clouds
Telangana,Jayashankar Bhupalapally,2026-06-10 15:00:00,35.69,39,Rain,light rain
Telangana,Jayashankar Bhupalapally,2026-06-10 18:00:00,32.44,53,Rain,light rain
Telangana,Jayashankar Bhupalapally,2026-06-10 21:00:00,28.68,65,Clouds,overcast clouds
Telangana,Jayashankar Bhupalapally,2026-06-11 00:00:00,28.38,64,Clouds,overcast clouds
Telangana,Jayashankar Bhupalapally,2026-06-11 03:00:00,33.5,44,Clouds,overcast clouds
Telangana,Jayashankar Bhupalapally,2026-06-11 06:00:00,39.29,29,Clouds,broken clouds
Telangana,Jayashankar Bhupalapally,2026-06-11 09:00:00,41.54,22,Clouds,broken clouds
Telangana,Jayashankar Bhupalapally,2026-06-11 12:00:00,40.62,22,Clouds,scattered clouds
Telangana,Jayashankar Bhupalapally,2026-06-11 15:00:00,36.28,30,Rain,light rain
Telangana,Jayashankar Bhupalapally,2026-06-11 18:00:00,31.41,48,Rain,light rain
Telangana,Jayashankar Bhupalapally,2026-06-11 21:00:00,28.46,67,Rain,light rain
Telangana,Jayashankar Bhupalapally,2026-06-12 00:00:00,26.37,80,Rain,light rain
Telangana,Jayashankar Bhupalapally,2026-06-12 03:00:00,29.6,62,Clouds,broken clouds
Telangana,Jayashankar Bhupalapally,2026-06-12 06:00:00,37.05,37,Clouds,broken clouds
Telangana,Jayashankar Bhupalapally,2026-06-12 09:00:00,39.83,28,Clouds,broken clouds
Telangana,Jayashankar Bhupalapally,2026-06-12 12:00:00,38.63,29,Clouds,broken clouds
Telangana,Jayashankar Bhupalapally,2026-06-12 15:00:00,31.17,46,Rain,light rain
Telangana,Jayashankar Bhupalapally,2026-06-12 18:00:00,29.23,63,Clouds,broken clouds
Telangana,Jayashankar Bhupalapally,2026-06-12 21:00:00,28.81,61,Rain,light rain
Telangana,Jayashankar Bhupalapally,2026-06-13 00:00:00,28.45,64,Clouds,overcast clouds
Telangana,Jayashankar Bhupalapally,2026-06-13 03:00:00,31.92,51,Clouds,overcast clouds
Telangana,Jayashankar Bhupalapally,2026-06-13 06:00:00,36.55,38,Clouds,broken clouds
Telangana,Jayashankar Bhupalapally,2026-06-13 09:00:00,37.95,33,Clouds,broken clouds
Telangana,Jayashankar Bhupalapally,2026-06-13 12:00:00,36.22,36,Clouds,broken clouds
Telangana,Jayashankar Bhupalapally,2026-06-13 15:00:00,33.55,43,Clouds,few clouds
Telangana,Jayashankar Bhupalapally,2026-06-13 18:00:00,31.41,52,Rain,light rain
Telangana,Jayashankar Bhupalapally,2026-06-13 21:00:00,31.39,52,Rain,light rain
Telangana,Jayashankar Bhupalapally,2026-06-14 00:00:00,30.63,52,Clouds,overcast clouds
Telangana,Jayashankar Bhupalapally,2026-06-14 03:00:00,33.8,41,Clouds,overcast clouds
Telangana,Jayashankar Bhupalapally,2026-06-14 06:00:00,35.17,39,Clouds,overcast clouds
Telangana,Jayashankar Bhupalapally,2026-06-14 09:00:00,37.01,32,Clouds,overcast clouds
Telangana,Jayashankar Bhupalapally,2026-06-14 12:00:00,33.08,50,Rain,light rain
Telangana,Jayashankar Bhupalapally,2026-06-14 15:00:00,32.21,47,Rain,light rain
Telangana,Jayashankar Bhupalapally,2026-06-14 18:00:00,29.74,56,Clouds,overcast clouds
Telangana,Jayashankar Bhupalapally,2026-06-14 21:00:00,30.75,50,Clouds,overcast clouds
Telangana,Jayashankar Bhupalapally,2026-06-15 00:00:00,30.77,51,Clouds,overcast clouds
Telangana,Jayashankar Bhupalapally,2026-06-15 03:00:00,33.61,41,Clouds,overcast clouds
Telangana,Jayashankar Bhupalapally,2026-06-15 06:00:00,36.32,35,Clouds,overcast clouds
Telangana,Jayashankar Bhupalapally,2026-06-15 09:00:00,40.38,25,Clouds,overcast clouds
Telangana,Jayashankar Bhupalapally,2026-06-15 12:00:00,39.39,26,Clouds,broken clouds
Telangana,Karimnagar,2026-06-10 15:00:00,29.85,62,Rain,light rain
Telangana,Karimnagar,2026-06-10 18:00:00,29.32,62,Rain,light rain
Telangana,Karimnagar,2026-06-10 21:00:00,27.58,66,Rain,light rain
Telangana,Karimnagar,2026-06-11 00:00:00,29.01,56,Clouds,overcast clouds
Telangana,Karimnagar,2026-06-11 03:00:00,32.12,52,Rain,light rain
Telangana,Karimnagar,2026-06-11 06:00:00,37.46,34,Clouds,broken clouds
Telangana,Karimnagar,2026-06-11 09:00:00,40.62,24,Clouds,scattered clouds
Telangana,Karimnagar,2026-06-11 12:00:00,40.05,24,Clouds,broken clouds
Telangana,Karimnagar,2026-06-11 15:00:00,36.39,32,Clear,clear sky
Telangana,Karimnagar,2026-06-11 18:00:00,33.2,42,Rain,light rain
Telangana,Karimnagar,2026-06-11 21:00:00,31.02,51,Rain,moderate rain
Telangana,Karimnagar,2026-06-12 00:00:00,28.57,57,Rain,light rain
Telangana,Karimnagar,2026-06-12 03:00:00,32.49,46,Rain,light rain
Telangana,Karimnagar,2026-06-12 06:00:00,37.23,35,Clouds,broken clouds
Telangana,Karimnagar,2026-06-12 09:00:00,38.24,28,Clouds,overcast clouds
Telangana,Karimnagar,2026-06-12 12:00:00,32.16,50,Rain,light rain
Telangana,Karimnagar,2026-06-12 15:00:00,31.6,43,Rain,light rain
Telangana,Karimnagar,2026-06-12 18:00:00,27.54,66,Rain,light rain
Telangana,Karimnagar,2026-06-12 21:00:00,29.33,56,Clouds,overcast clouds
Telangana,Karimnagar,2026-06-13 00:00:00,28.8,63,Clouds,overcast clouds
Telangana,Karimnagar,2026-06-13 03:00:00,28.72,62,Clouds,overcast clouds
Telangana,Karimnagar,2026-06-13 06:00:00,35.32,39,Clouds,overcast clouds
Telangana,Karimnagar,2026-06-13 09:00:00,36.07,37,Clouds,broken clouds
Telangana,Karimnagar,2026-06-13 12:00:00,34.71,39,Clouds,overcast clouds
Telangana,Karimnagar,2026-06-13 15:00:00,32.78,44,Clouds,scattered clouds
Telangana,Karimnagar,2026-06-13 18:00:00,31.65,49,Clouds,scattered clouds
Telangana,Karimnagar,2026-06-13 21:00:00,29.08,55,Rain,light rain
Telangana,Karimnagar,2026-06-14 00:00:00,29.21,52,Rain,light rain
Telangana,Karimnagar,2026-06-14 03:00:00,29.86,55,Clouds,overcast clouds
Telangana,Karimnagar,2026-06-14 06:00:00,31.39,49,Clouds,overcast clouds
Telangana,Karimnagar,2026-06-14 09:00:00,34.31,41,Clouds,broken clouds
Telangana,Karimnagar,2026-06-14 12:00:00,32.78,45,Clouds,overcast clouds
Telangana,Karimnagar,2026-06-14 15:00:00,31.95,46,Clouds,overcast clouds
Telangana,Karimnagar,2026-06-14 18:00:00,31.36,45,Clouds,overcast clouds
Telangana,Karimnagar,2026-06-14 21:00:00,31.03,47,Clouds,overcast clouds
Telangana,Karimnagar,2026-06-15 00:00:00,29.31,50,Clouds,overcast clouds
Telangana,Karimnagar,2026-06-15 03:00:00,30.58,52,Clouds,overcast clouds
Telangana,Karimnagar,2026-06-15 06:00:00,36.05,36,Clouds,overcast clouds
Telangana,Karimnagar,2026-06-15 09:00:00,38.34,29,Clouds,broken clouds
Telangana,Karimnagar,2026-06-15 12:00:00,36.71,31,Clouds,broken clouds
Telangana,Khammam,2026-06-10 15:00:00,34.31,48,Rain,light rain
Telangana,Khammam,2026-06-10 18:00:00,31.74,56,Rain,light rain
Telangana,Khammam,2026-06-10 21:00:00,29.6,61,Rain,light rain
Telangana,Khammam,2026-06-11 00:00:00,28.58,65,Clouds,overcast clouds
Telangana,Khammam,2026-06-11 03:00:00,31.89,51,Clouds,overcast clouds
Telangana,Khammam,2026-06-11 06:00:00,36.26,39,Clouds,overcast clouds
Telangana,Khammam,2026-06-11 09:00:00,39.32,32,Clouds,overcast clouds
Telangana,Khammam,2026-06-11 12:00:00,39.01,31,Clouds,overcast clouds
Telangana,Khammam,2026-06-11 15:00:00,34.84,41,Rain,light rain
Telangana,Khammam,2026-06-11 18:00:00,32.6,53,Clouds,scattered clouds
Telangana,Khammam,2026-06-11 21:00:00,28.44,70,Rain,light rain
Telangana,Khammam,2026-06-12 00:00:00,26.66,80,Rain,moderate rain
Telangana,Khammam,2026-06-12 03:00:00,28.05,70,Rain,light rain
Telangana,Khammam,2026-06-12 06:00:00,33.55,49,Clouds,overcast clouds
Telangana,Khammam,2026-06-12 09:00:00,37.48,37,Clouds,overcast clouds
Telangana,Khammam,2026-06-12 12:00:00,37.96,35,Clouds,broken clouds
Telangana,Khammam,2026-06-12 15:00:00,26.73,76,Rain,light rain
Telangana,Khammam,2026-06-12 18:00:00,28.65,68,Rain,light rain
Telangana,Khammam,2026-06-12 21:00:00,28.48,69,Clouds,overcast clouds
Telangana,Khammam,2026-06-13 00:00:00,27.63,71,Clouds,overcast clouds
Telangana,Khammam,2026-06-13 03:00:00,30.6,60,Clouds,overcast clouds
Telangana,Khammam,2026-06-13 06:00:00,35.87,41,Clouds,broken clouds
Telangana,Khammam,2026-06-13 09:00:00,38.78,32,Clouds,scattered clouds
Telangana,Khammam,2026-06-13 12:00:00,37.01,37,Clouds,scattered clouds
Telangana,Khammam,2026-06-13 15:00:00,32.08,53,Rain,light rain
Telangana,Khammam,2026-06-13 18:00:00,31.72,55,Rain,light rain
Telangana,Khammam,2026-06-13 21:00:00,31.35,57,Clouds,overcast clouds
Telangana,Khammam,2026-06-14 00:00:00,30.19,58,Rain,light rain
Telangana,Khammam,2026-06-14 03:00:00,31.64,51,Rain,light rain
Telangana,Khammam,2026-06-14 06:00:00,36.8,36,Clouds,broken clouds
Telangana,Khammam,2026-06-14 09:00:00,37.74,32,Clouds,overcast clouds
Telangana,Khammam,2026-06-14 12:00:00,37.13,34,Clouds,overcast clouds
Telangana,Khammam,2026-06-14 15:00:00,33.25,45,Rain,light rain
Telangana,Khammam,2026-06-14 18:00:00,32.24,50,Clouds,broken clouds
Telangana,Khammam,2026-06-14 21:00:00,31.59,52,Clouds,overcast clouds
Telangana,Khammam,2026-06-15 00:00:00,30.72,54,Clouds,overcast clouds
Telangana,Khammam,2026-06-15 03:00:00,31.86,47,Clouds,overcast clouds
Telangana,Khammam,2026-06-15 06:00:00,37.67,33,Clouds,overcast clouds
Telangana,Khammam,2026-06-15 09:00:00,40.14,27,Clouds,scattered clouds
Telangana,Khammam,2026-06-15 12:00:00,38.82,28,Clouds,scattered clouds
Telangana,Mahabubnagar,2026-06-10 15:00:00,31.13,53,Rain,moderate rain
Telangana,Mahabubnagar,2026-06-10 18:00:00,25.91,76,Rain,heavy intensity rain
Telangana,Mahabubnagar,2026-06-10 21:00:00,22.16,85,Rain,heavy intensity rain
Telangana,Mahabubnagar,2026-06-11 00:00:00,23.77,89,Rain,light rain
Telangana,Mahabubnagar,2026-06-11 03:00:00,24.82,83,Rain,light rain
Telangana,Mahabubnagar,2026-06-11 06:00:00,30.5,54,Clouds,overcast clouds
Telangana,Mahabubnagar,2026-06-11 09:00:00,34.07,40,Clouds,scattered clouds
Telangana,Mahabubnagar,2026-06-11 12:00:00,34.1,38,Clouds,few clouds
Telangana,Mahabubnagar,2026-06-11 15:00:00,30.44,52,Clouds,scattered clouds
Telangana,Mahabubnagar,2026-06-11 18:00:00,28.73,57,Clouds,scattered clouds
Telangana,Mahabubnagar,2026-06-11 21:00:00,26.47,65,Clear,clear sky
Telangana,Mahabubnagar,2026-06-12 00:00:00,25.39,69,Clear,clear sky
Telangana,Mahabubnagar,2026-06-12 03:00:00,26.56,66,Rain,light rain
Telangana,Mahabubnagar,2026-06-12 06:00:00,31.1,51,Clouds,broken clouds
Telangana,Mahabubnagar,2026-06-12 09:00:00,34.13,40,Clouds,scattered clouds
Telangana,Mahabubnagar,2026-06-12 12:00:00,34.45,38,Clouds,broken clouds
Telangana,Mahabubnagar,2026-06-12 15:00:00,30.81,50,Clouds,broken clouds
Telangana,Mahabubnagar,2026-06-12 18:00:00,25.61,75,Rain,moderate rain
Telangana,Mahabubnagar,2026-06-12 21:00:00,25.69,76,Rain,light rain
Telangana,Mahabubnagar,2026-06-13 00:00:00,25.28,77,Rain,light rain
Telangana,Mahabubnagar,2026-06-13 03:00:00,24.06,74,Rain,light rain
Telangana,Mahabubnagar,2026-06-13 06:00:00,25.31,72,Rain,light rain
Telangana,Mahabubnagar,2026-06-13 09:00:00,29.78,53,Clouds,overcast clouds
Telangana,Mahabubnagar,2026-06-13 12:00:00,30.87,50,Clouds,overcast clouds
Telangana,Mahabubnagar,2026-06-13 15:00:00,28.12,61,Clouds,scattered clouds
Telangana,Mahabubnagar,2026-06-13 18:00:00,26.59,68,Clouds,broken clouds
Telangana,Mahabubnagar,2026-06-13 21:00:00,25.98,71,Clouds,overcast clouds
Telangana,Mahabubnagar,2026-06-14 00:00:00,25.17,76,Rain,light rain
Telangana,Mahabubnagar,2026-06-14 03:00:00,27.2,66,Rain,light rain
Telangana,Mahabubnagar,2026-06-14 06:00:00,31.36,45,Clouds,broken clouds
Telangana,Mahabubnagar,2026-06-14 09:00:00,32.3,41,Clouds,broken clouds
Telangana,Mahabubnagar,2026-06-14 12:00:00,31.14,44,Clouds,broken clouds
Telangana,Mahabubnagar,2026-06-14 15:00:00,28.98,54,Clouds,overcast clouds
Telangana,Mahabubnagar,2026-06-14 18:00:00,27.83,59,Clouds,overcast clouds
Telangana,Mahabubnagar,2026-06-14 21:00:00,27.17,59,Clouds,broken clouds
Telangana,Mahabubnagar,2026-06-15 00:00:00,26.06,64,Clouds,scattered clouds
Telangana,Mahabubnagar,2026-06-15 03:00:00,28.23,58,Clouds,overcast clouds
Telangana,Mahabubnagar,2026-06-15 06:00:00,32.12,44,Clouds,overcast clouds
Telangana,Mahabubnagar,2026-06-15 09:00:00,35.37,33,Clouds,scattered clouds
Telangana,Mahabubnagar,2026-06-15 12:00:00,35.43,30,Clouds,scattered clouds
Telangana,Medak,2026-06-10 15:00:00,32.29,53,Rain,moderate rain
Telangana,Medak,2026-06-10 18:00:00,29.8,56,Rain,heavy intensity rain
Telangana,Medak,2026-06-10 21:00:00,23.18,88,Rain,moderate rain
Telangana,Medak,2026-06-11 00:00:00,24.63,82,Rain,light rain
Telangana,Medak,2026-06-11 03:00:00,28.31,66,Clouds,overcast clouds
Telangana,Medak,2026-06-11 06:00:00,32.99,47,Clouds,broken clouds
Telangana,Medak,2026-06-11 09:00:00,36.46,35,Clouds,few clouds
Telangana,Medak,2026-06-11 12:00:00,36.6,33,Clear,clear sky
Telangana,Medak,2026-06-11 15:00:00,33.0,43,Clear,clear sky
Telangana,Medak,2026-06-11 18:00:00,29.54,57,Clear,clear sky
Telangana,Medak,2026-06-11 21:00:00,28.91,57,Rain,light rain
Telangana,Medak,2026-06-12 00:00:00,28.36,61,Clouds,broken clouds
Telangana,Medak,2026-06-12 03:00:00,30.79,53,Rain,light rain
Telangana,Medak,2026-06-12 06:00:00,34.68,42,Clouds,broken clouds
Telangana,Medak,2026-06-12 09:00:00,36.85,32,Clouds,scattered clouds
Telangana,Medak,2026-06-12 12:00:00,35.91,32,Clouds,scattered clouds
Telangana,Medak,2026-06-12 15:00:00,25.59,71,Rain,light rain
Telangana,Medak,2026-06-12 18:00:00,26.95,70,Rain,light rain
Telangana,Medak,2026-06-12 21:00:00,26.31,74,Rain,light rain
Telangana,Medak,2026-06-13 00:00:00,25.49,76,Clouds,overcast clouds
Telangana,Medak,2026-06-13 03:00:00,27.98,58,Clouds,overcast clouds
Telangana,Medak,2026-06-13 06:00:00,31.22,46,Clouds,overcast clouds
Telangana,Medak,2026-06-13 09:00:00,34.2,40,Clouds,broken clouds
Telangana,Medak,2026-06-13 12:00:00,33.05,42,Clouds,broken clouds
Telangana,Medak,2026-06-13 15:00:00,30.65,51,Clouds,broken clouds
Telangana,Medak,2026-06-13 18:00:00,29.54,56,Clouds,broken clouds
Telangana,Medak,2026-06-13 21:00:00,28.51,61,Rain,light rain
Telangana,Medak,2026-06-14 00:00:00,28.2,61,Clouds,overcast clouds
Telangana,Medak,2026-06-14 03:00:00,28.08,63,Clouds,overcast clouds
Telangana,Medak,2026-06-14 06:00:00,28.88,58,Clouds,overcast clouds
Telangana,Medak,2026-06-14 09:00:00,30.04,53,Clouds,overcast clouds
Telangana,Medak,2026-06-14 12:00:00,30.01,52,Clouds,overcast clouds
Telangana,Medak,2026-06-14 15:00:00,29.79,48,Clouds,overcast clouds
Telangana,Medak,2026-06-14 18:00:00,29.3,49,Clouds,overcast clouds
Telangana,Medak,2026-06-14 21:00:00,29.86,45,Clouds,overcast clouds
Telangana,Medak,2026-06-15 00:00:00,27.6,58,Clouds,broken clouds
Telangana,Medak,2026-06-15 03:00:00,29.29,55,Clouds,overcast clouds
Telangana,Medak,2026-06-15 06:00:00,34.71,39,Clouds,broken clouds
Telangana,Medak,2026-06-15 09:00:00,37.15,31,Clouds,broken clouds
Telangana,Medak,2026-06-15 12:00:00,37.05,26,Clouds,broken clouds
Telangana,Nalgonda,2026-06-10 15:00:00,28.23,64,Rain,light rain
Telangana,Nalgonda,2026-06-10 18:00:00,27.88,66,Rain,light rain
Telangana,Nalgonda,2026-06-10 21:00:00,26.9,71,Rain,light rain
Telangana,Nalgonda,2026-06-11 00:00:00,26.81,70,Rain,light rain
Telangana,Nalgonda,2026-06-11 03:00:00,29.13,63,Clouds,overcast clouds
Telangana,Nalgonda,2026-06-11 06:00:00,33.94,44,Clouds,overcast clouds
Telangana,Nalgonda,2026-06-11 09:00:00,37.02,34,Clouds,overcast clouds
Telangana,Nalgonda,2026-06-11 12:00:00,37.41,32,Clouds,broken clouds
Telangana,Nalgonda,2026-06-11 15:00:00,33.38,45,Clouds,scattered clouds
Telangana,Nalgonda,2026-06-11 18:00:00,32.21,49,Clouds,broken clouds
Telangana,Nalgonda,2026-06-11 21:00:00,30.89,53,Rain,light rain
Telangana,Nalgonda,2026-06-12 00:00:00,27.23,74,Rain,light rain
Telangana,Nalgonda,2026-06-12 03:00:00,26.9,73,Rain,light rain
Telangana,Nalgonda,2026-06-12 06:00:00,33.75,46,Clouds,overcast clouds
Telangana,Nalgonda,2026-06-12 09:00:00,37.61,35,Clouds,overcast clouds
Telangana,Nalgonda,2026-06-12 12:00:00,31.83,55,Rain,light rain
Telangana,Nalgonda,2026-06-12 15:00:00,25.56,75,Rain,heavy intensity rain
Telangana,Nalgonda,2026-06-12 18:00:00,27.82,66,Rain,light rain
Telangana,Nalgonda,2026-06-12 21:00:00,26.94,74,Clouds,overcast clouds
Telangana,Nalgonda,2026-06-13 00:00:00,26.5,78,Rain,light rain
Telangana,Nalgonda,2026-06-13 03:00:00,28.98,59,Clouds,overcast clouds
Telangana,Nalgonda,2026-06-13 06:00:00,30.34,55,Clouds,overcast clouds
Telangana,Nalgonda,2026-06-13 09:00:00,34.08,42,Clouds,overcast clouds
Telangana,Nalgonda,2026-06-13 12:00:00,35.2,39,Rain,light rain
Telangana,Nalgonda,2026-06-13 15:00:00,31.01,55,Clouds,scattered clouds
Telangana,Nalgonda,2026-06-13 18:00:00,30.53,56,Clouds,broken clouds
Telangana,Nalgonda,2026-06-13 21:00:00,29.12,61,Clouds,overcast clouds
Telangana,Nalgonda,2026-06-14 00:00:00,27.95,63,Rain,light rain
Telangana,Nalgonda,2026-06-14 03:00:00,29.82,57,Rain,light rain
Telangana,Nalgonda,2026-06-14 06:00:00,30.79,55,Clouds,overcast clouds
Telangana,Nalgonda,2026-06-14 09:00:00,31.75,50,Clouds,overcast clouds
Telangana,Nalgonda,2026-06-14 12:00:00,31.92,49,Clouds,overcast clouds
Telangana,Nalgonda,2026-06-14 15:00:00,30.56,53,Clouds,broken clouds
Telangana,Nalgonda,2026-06-14 18:00:00,29.42,56,Clouds,broken clouds
Telangana,Nalgonda,2026-06-14 21:00:00,29.26,57,Clouds,overcast clouds
Telangana,Nalgonda,2026-06-15 00:00:00,28.99,56,Clouds,overcast clouds
Telangana,Nalgonda,2026-06-15 03:00:00,30.26,52,Clouds,overcast clouds
Telangana,Nalgonda,2026-06-15 06:00:00,30.98,51,Clouds,overcast clouds
Telangana,Nalgonda,2026-06-15 09:00:00,35.4,38,Clouds,overcast clouds
Telangana,Nalgonda,2026-06-15 12:00:00,34.95,39,Clouds,overcast clouds
Telangana,Nizamabad,2026-06-10 15:00:00,29.05,63,Rain,moderate rain
Telangana,Nizamabad,2026-06-10 18:00:00,26.19,76,Rain,moderate rain
Telangana,Nizamabad,2026-06-10 21:00:00,25.44,75,Rain,moderate rain
Telangana,Nizamabad,2026-06-11 00:00:00,25.4,79,Rain,light rain
Telangana,Nizamabad,2026-06-11 03:00:00,30.83,55,Clouds,broken clouds
Telangana,Nizamabad,2026-06-11 06:00:00,35.87,37,Clouds,broken clouds
Telangana,Nizamabad,2026-06-11 09:00:00,38.56,28,Clouds,broken clouds
Telangana,Nizamabad,2026-06-11 12:00:00,38.39,27,Clouds,broken clouds
Telangana,Nizamabad,2026-06-11 15:00:00,31.62,46,Rain,light rain
Telangana,Nizamabad,2026-06-11 18:00:00,31.01,50,Rain,light rain
Telangana,Nizamabad,2026-06-11 21:00:00,27.63,58,Clouds,broken clouds
Telangana,Nizamabad,2026-06-12 00:00:00,29.4,56,Clouds,broken clouds
Telangana,Nizamabad,2026-06-12 03:00:00,32.22,49,Clouds,overcast clouds
Telangana,Nizamabad,2026-06-12 06:00:00,35.1,38,Clouds,broken clouds
Telangana,Nizamabad,2026-06-12 09:00:00,37.99,29,Clouds,broken clouds
Telangana,Nizamabad,2026-06-12 12:00:00,38.76,27,Clouds,broken clouds
Telangana,Nizamabad,2026-06-12 15:00:00,28.75,57,Rain,light rain
Telangana,Nizamabad,2026-06-12 18:00:00,27.56,66,Rain,light rain
Telangana,Nizamabad,2026-06-12 21:00:00,28.27,63,Clouds,overcast clouds
Telangana,Nizamabad,2026-06-13 00:00:00,26.15,73,Clouds,overcast clouds
Telangana,Nizamabad,2026-06-13 03:00:00,28.56,59,Rain,light rain
Telangana,Nizamabad,2026-06-13 06:00:00,31.21,51,Rain,light rain
Telangana,Nizamabad,2026-06-13 09:00:00,35.06,38,Clouds,broken clouds
Telangana,Nizamabad,2026-06-13 12:00:00,32.67,43,Clouds,overcast clouds
Telangana,Nizamabad,2026-06-13 15:00:00,30.61,49,Clouds,broken clouds
Telangana,Nizamabad,2026-06-13 18:00:00,30.85,42,Clouds,overcast clouds
Telangana,Nizamabad,2026-06-13 21:00:00,29.26,52,Rain,light rain
Telangana,Nizamabad,2026-06-14 00:00:00,28.27,62,Rain,light rain
Telangana,Nizamabad,2026-06-14 03:00:00,29.46,53,Clouds,overcast clouds
Telangana,Nizamabad,2026-06-14 06:00:00,31.03,50,Clouds,overcast clouds
Telangana,Nizamabad,2026-06-14 09:00:00,35.27,36,Clouds,overcast clouds
Telangana,Nizamabad,2026-06-14 12:00:00,36.52,30,Clouds,broken clouds
Telangana,Nizamabad,2026-06-14 15:00:00,31.7,44,Clouds,overcast clouds
Telangana,Nizamabad,2026-06-14 18:00:00,30.85,42,Clouds,overcast clouds
Telangana,Nizamabad,2026-06-14 21:00:00,30.76,45,Clouds,scattered clouds
Telangana,Nizamabad,2026-06-15 00:00:00,28.9,57,Clouds,scattered clouds
Telangana,Nizamabad,2026-06-15 03:00:00,31.36,50,Clouds,few clouds
Telangana,Nizamabad,2026-06-15 06:00:00,36.15,36,Clouds,scattered clouds
Telangana,Nizamabad,2026-06-15 09:00:00,39.17,25,Clouds,few clouds
Telangana,Nizamabad,2026-06-15 12:00:00,39.22,21,Clouds,scattered clouds
Telangana,Rangareddy,2026-06-10 15:00:00,24.81,79,Rain,heavy intensity rain
Telangana,Rangareddy,2026-06-10 18:00:00,25.67,71,Rain,light rain
Telangana,Rangareddy,2026-06-10 21:00:00,24.81,70,Clouds,overcast clouds
Telangana,Rangareddy,2026-06-11 00:00:00,23.32,87,Rain,light rain
Telangana,Rangareddy,2026-06-11 03:00:00,26.87,70,Clouds,overcast clouds
Telangana,Rangareddy,2026-06-11 06:00:00,32.12,47,Clouds,overcast clouds
Telangana,Rangareddy,2026-06-11 09:00:00,35.1,36,Clouds,scattered clouds
Telangana,Rangareddy,2026-06-11 12:00:00,34.25,37,Clouds,broken clouds
Telangana,Rangareddy,2026-06-11 15:00:00,30.84,48,Clouds,scattered clouds
Telangana,Rangareddy,2026-06-11 18:00:00,29.01,53,Rain,light rain
Telangana,Rangareddy,2026-06-11 21:00:00,26.98,63,Rain,light rain
Telangana,Rangareddy,2026-06-12 00:00:00,25.48,69,Clear,clear sky
Telangana,Rangareddy,2026-06-12 03:00:00,27.99,60,Rain,light rain
Telangana,Rangareddy,2026-06-12 06:00:00,32.48,45,Clouds,few clouds
Telangana,Rangareddy,2026-06-12 09:00:00,35.23,37,Clouds,scattered clouds
Telangana,Rangareddy,2026-06-12 12:00:00,34.66,37,Rain,light rain
Telangana,Rangareddy,2026-06-12 15:00:00,24.26,86,Rain,heavy intensity rain
Telangana,Rangareddy,2026-06-12 18:00:00,23.72,83,Rain,moderate rain
Telangana,Rangareddy,2026-06-12 21:00:00,23.73,85,Rain,heavy intensity rain
Telangana,Rangareddy,2026-06-13 00:00:00,25.03,76,Rain,light rain
Telangana,Rangareddy,2026-06-13 03:00:00,25.13,72,Rain,light rain
Telangana,Rangareddy,2026-06-13 06:00:00,30.46,46,Clouds,overcast clouds
Telangana,Rangareddy,2026-06-13 09:00:00,33.14,40,Clouds,scattered clouds
Telangana,Rangareddy,2026-06-13 12:00:00,31.82,44,Clouds,scattered clouds
Telangana,Rangareddy,2026-06-13 15:00:00,28.8,56,Clouds,scattered clouds
Telangana,Rangareddy,2026-06-13 18:00:00,28.18,57,Clouds,broken clouds
Telangana,Rangareddy,2026-06-13 21:00:00,26.73,66,Rain,light rain
Telangana,Rangareddy,2026-06-14 00:00:00,25.8,70,Clouds,broken clouds
Telangana,Rangareddy,2026-06-14 03:00:00,28.68,58,Clouds,broken clouds
Telangana,Rangareddy,2026-06-14 06:00:00,30.21,49,Clouds,broken clouds
Telangana,Rangareddy,2026-06-14 09:00:00,29.56,51,Clouds,overcast clouds
Telangana,Rangareddy,2026-06-14 12:00:00,29.51,50,Clouds,overcast clouds
Telangana,Rangareddy,2026-06-14 15:00:00,28.82,50,Clouds,overcast clouds
Telangana,Rangareddy,2026-06-14 18:00:00,27.7,55,Clouds,overcast clouds
Telangana,Rangareddy,2026-06-14 21:00:00,26.78,56,Clouds,overcast clouds
Telangana,Rangareddy,2026-06-15 00:00:00,25.95,62,Clouds,overcast clouds
Telangana,Rangareddy,2026-06-15 03:00:00,28.64,54,Clouds,broken clouds
Telangana,Rangareddy,2026-06-15 06:00:00,31.86,43,Clouds,broken clouds
Telangana,Rangareddy,2026-06-15 09:00:00,33.7,37,Clouds,broken clouds
Telangana,Rangareddy,2026-06-15 12:00:00,32.01,43,Clouds,broken clouds
Telangana,Sangareddy,2026-06-10 15:00:00,31.31,54,Rain,moderate rain
Telangana,Sangareddy,2026-06-10 18:00:00,29.41,57,Rain,moderate rain
Telangana,Sangareddy,2026-06-10 21:00:00,24.89,76,Rain,moderate rain
Telangana,Sangareddy,2026-06-11 00:00:00,24.43,82,Rain,moderate rain
Telangana,Sangareddy,2026-06-11 03:00:00,28.13,67,Clouds,overcast clouds
Telangana,Sangareddy,2026-06-11 06:00:00,33.01,46,Clouds,overcast clouds
Telangana,Sangareddy,2026-06-11 09:00:00,36.17,35,Clouds,few clouds
Telangana,Sangareddy,2026-06-11 12:00:00,36.2,32,Clear,clear sky
Telangana,Sangareddy,2026-06-11 15:00:00,32.57,46,Clear,clear sky
Telangana,Sangareddy,2026-06-11 18:00:00,30.29,52,Clear,clear sky
Telangana,Sangareddy,2026-06-11 21:00:00,27.93,62,Clear,clear sky
Telangana,Sangareddy,2026-06-12 00:00:00,26.78,70,Clouds,few clouds
Telangana,Sangareddy,2026-06-12 03:00:00,29.22,60,Clouds,scattered clouds
Telangana,Sangareddy,2026-06-12 06:00:00,33.43,45,Clouds,broken clouds
Telangana,Sangareddy,2026-06-12 09:00:00,36.54,35,Clouds,broken clouds
Telangana,Sangareddy,2026-06-12 12:00:00,35.86,34,Clouds,broken clouds
Telangana,Sangareddy,2026-06-12 15:00:00,27.81,66,Clouds,broken clouds
Telangana,Sangareddy,2026-06-12 18:00:00,24.53,84,Rain,moderate rain
Telangana,Sangareddy,2026-06-12 21:00:00,26.12,72,Rain,light rain
Telangana,Sangareddy,2026-06-13 00:00:00,23.85,78,Rain,light rain
Telangana,Sangareddy,2026-06-13 03:00:00,27.6,56,Clouds,overcast clouds
Telangana,Sangareddy,2026-06-13 06:00:00,31.12,47,Clouds,overcast clouds
Telangana,Sangareddy,2026-06-13 09:00:00,31.87,45,Clouds,overcast clouds
Telangana,Sangareddy,2026-06-13 12:00:00,32.44,43,Clouds,broken clouds
Telangana,Sangareddy,2026-06-13 15:00:00,29.41,55,Clouds,broken clouds
Telangana,Sangareddy,2026-06-13 18:00:00,28.71,57,Rain,light rain
Telangana,Sangareddy,2026-06-13 21:00:00,27.32,64,Rain,light rain
Telangana,Sangareddy,2026-06-14 00:00:00,27.51,65,Clouds,overcast clouds
Telangana,Sangareddy,2026-06-14 03:00:00,27.86,63,Clouds,overcast clouds
Telangana,Sangareddy,2026-06-14 06:00:00,29.3,55,Clouds,overcast clouds
Telangana,Sangareddy,2026-06-14 09:00:00,30.39,49,Clouds,overcast clouds
Telangana,Sangareddy,2026-06-14 12:00:00,30.57,47,Clouds,overcast clouds
Telangana,Sangareddy,2026-06-14 15:00:00,29.77,48,Clouds,overcast clouds
Telangana,Sangareddy,2026-06-14 18:00:00,29.2,49,Clouds,overcast clouds
Telangana,Sangareddy,2026-06-14 21:00:00,27.91,55,Clouds,overcast clouds
Telangana,Sangareddy,2026-06-15 00:00:00,26.84,61,Clouds,broken clouds
Telangana,Sangareddy,2026-06-15 03:00:00,29.16,54,Clouds,overcast clouds
Telangana,Sangareddy,2026-06-15 06:00:00,33.93,39,Clouds,broken clouds
Telangana,Sangareddy,2026-06-15 09:00:00,36.49,32,Clear,clear sky
Telangana,Sangareddy,2026-06-15 12:00:00,35.86,29,Clouds,scattered clouds
Telangana,Siddipet,2026-06-10 15:00:00,30.11,59,Rain,moderate rain
Telangana,Siddipet,2026-06-10 18:00:00,28.23,63,Rain,moderate rain
Telangana,Siddipet,2026-06-10 21:00:00,24.53,83,Rain,light rain
Telangana,Siddipet,2026-06-11 00:00:00,25.78,71,Clouds,overcast clouds
Telangana,Siddipet,2026-06-11 03:00:00,28.29,66,Clouds,overcast clouds
Telangana,Siddipet,2026-06-11 06:00:00,33.68,45,Clouds,broken clouds
Telangana,Siddipet,2026-06-11 09:00:00,36.69,34,Clouds,scattered clouds
Telangana,Siddipet,2026-06-11 12:00:00,36.98,30,Clouds,few clouds
Telangana,Siddipet,2026-06-11 15:00:00,33.21,42,Clear,clear sky
Telangana,Siddipet,2026-06-11 18:00:00,30.21,51,Clear,clear sky
Telangana,Siddipet,2026-06-11 21:00:00,28.91,58,Rain,light rain
Telangana,Siddipet,2026-06-12 00:00:00,27.87,61,Rain,light rain
Telangana,Siddipet,2026-06-12 03:00:00,30.25,54,Clouds,broken clouds
Telangana,Siddipet,2026-06-12 06:00:00,35.47,38,Clouds,broken clouds
Telangana,Siddipet,2026-06-12 09:00:00,37.86,30,Clouds,broken clouds
Telangana,Siddipet,2026-06-12 12:00:00,36.57,31,Clouds,broken clouds
Telangana,Siddipet,2026-06-12 15:00:00,27.02,64,Rain,light rain
Telangana,Siddipet,2026-06-12 18:00:00,26.03,69,Rain,light rain
Telangana,Siddipet,2026-06-12 21:00:00,27.49,70,Clouds,overcast clouds
Telangana,Siddipet,2026-06-13 00:00:00,26.38,71,Clouds,overcast clouds
Telangana,Siddipet,2026-06-13 03:00:00,28.31,58,Clouds,overcast clouds
Telangana,Siddipet,2026-06-13 06:00:00,32.55,45,Clouds,overcast clouds
Telangana,Siddipet,2026-06-13 09:00:00,35.24,37,Clouds,broken clouds
Telangana,Siddipet,2026-06-13 12:00:00,33.41,41,Clouds,broken clouds
Telangana,Siddipet,2026-06-13 15:00:00,31.45,47,Clouds,broken clouds
Telangana,Siddipet,2026-06-13 18:00:00,29.64,54,Clouds,scattered clouds
Telangana,Siddipet,2026-06-13 21:00:00,28.39,54,Rain,light rain
Telangana,Siddipet,2026-06-14 00:00:00,28.14,54,Rain,light rain
Telangana,Siddipet,2026-06-14 03:00:00,28.61,58,Clouds,overcast clouds
Telangana,Siddipet,2026-06-14 06:00:00,29.83,53,Clouds,overcast clouds
Telangana,Siddipet,2026-06-14 09:00:00,30.24,52,Clouds,broken clouds
Telangana,Siddipet,2026-06-14 12:00:00,30.64,49,Clouds,overcast clouds
Telangana,Siddipet,2026-06-14 15:00:00,30.14,48,Clouds,overcast clouds
Telangana,Siddipet,2026-06-14 18:00:00,29.85,45,Clouds,overcast clouds
Telangana,Siddipet,2026-06-14 21:00:00,29.99,42,Clouds,overcast clouds
Telangana,Siddipet,2026-06-15 00:00:00,27.97,54,Clouds,overcast clouds
Telangana,Siddipet,2026-06-15 03:00:00,30.07,52,Clouds,broken clouds
Telangana,Siddipet,2026-06-15 06:00:00,30.97,49,Clouds,overcast clouds
Telangana,Siddipet,2026-06-15 09:00:00,31.39,47,Clouds,overcast clouds
Telangana,Siddipet,2026-06-15 12:00:00,32.83,39,Clouds,overcast clouds
Telangana,Suryapet,2026-06-10 15:00:00,30.63,51,Rain,moderate rain
Telangana,Suryapet,2026-06-10 18:00:00,29.52,61,Rain,light rain
Telangana,Suryapet,2026-06-10 21:00:00,28.2,66,Rain,light rain
Telangana,Suryapet,2026-06-11 00:00:00,27.46,69,Clouds,overcast clouds
Telangana,Suryapet,2026-06-11 03:00:00,29.98,59,Clouds,overcast clouds
Telangana,Suryapet,2026-06-11 06:00:00,34.03,45,Clouds,overcast clouds
Telangana,Suryapet,2026-06-11 09:00:00,37.63,34,Clouds,overcast clouds
Telangana,Suryapet,2026-06-11 12:00:00,38.02,32,Clouds,overcast clouds
Telangana,Suryapet,2026-06-11 15:00:00,34.07,43,Rain,light rain
Telangana,Suryapet,2026-06-11 18:00:00,32.45,49,Clouds,broken clouds
Telangana,Suryapet,2026-06-11 21:00:00,29.19,67,Rain,light rain
Telangana,Suryapet,2026-06-12 00:00:00,25.25,89,Rain,moderate rain
Telangana,Suryapet,2026-06-12 03:00:00,27.59,71,Clouds,overcast clouds
Telangana,Suryapet,2026-06-12 06:00:00,33.54,48,Clouds,overcast clouds
Telangana,Suryapet,2026-06-12 09:00:00,37.5,36,Clouds,overcast clouds
Telangana,Suryapet,2026-06-12 12:00:00,34.03,49,Rain,light rain
Telangana,Suryapet,2026-06-12 15:00:00,26.56,73,Rain,moderate rain
Telangana,Suryapet,2026-06-12 18:00:00,29.02,62,Rain,light rain
Telangana,Suryapet,2026-06-12 21:00:00,28.03,68,Clouds,overcast clouds
Telangana,Suryapet,2026-06-13 00:00:00,26.75,76,Rain,light rain
Telangana,Suryapet,2026-06-13 03:00:00,30.32,58,Clouds,overcast clouds
Telangana,Suryapet,2026-06-13 06:00:00,32.99,47,Clouds,overcast clouds
Telangana,Suryapet,2026-06-13 09:00:00,34.95,42,Clouds,broken clouds
Telangana,Suryapet,2026-06-13 12:00:00,34.25,44,Rain,light rain
Telangana,Suryapet,2026-06-13 15:00:00,30.45,59,Rain,light rain
Telangana,Suryapet,2026-06-13 18:00:00,30.89,58,Clouds,overcast clouds
Telangana,Suryapet,2026-06-13 21:00:00,30.26,56,Clouds,overcast clouds
Telangana,Suryapet,2026-06-14 00:00:00,28.31,66,Rain,light rain
Telangana,Suryapet,2026-06-14 03:00:00,28.41,64,Rain,light rain
Telangana,Suryapet,2026-06-14 06:00:00,32.28,52,Clouds,overcast clouds
Telangana,Suryapet,2026-06-14 09:00:00,34.48,43,Clouds,broken clouds
Telangana,Suryapet,2026-06-14 12:00:00,33.86,44,Clouds,broken clouds
Telangana,Suryapet,2026-06-14 15:00:00,30.99,53,Clouds,broken clouds
Telangana,Suryapet,2026-06-14 18:00:00,30.39,54,Rain,light rain
Telangana,Suryapet,2026-06-14 21:00:00,29.83,57,Clouds,overcast clouds
Telangana,Suryapet,2026-06-15 00:00:00,29.05,58,Clouds,overcast clouds
Telangana,Suryapet,2026-06-15 03:00:00,30.19,52,Clouds,overcast clouds
Telangana,Suryapet,2026-06-15 06:00:00,31.97,50,Clouds,overcast clouds
Telangana,Suryapet,2026-06-15 09:00:00,36.7,34,Clouds,overcast clouds
Telangana,Suryapet,2026-06-15 12:00:00,35.95,35,Clouds,overcast clouds
Telangana,Vikarabad,2026-06-10 15:00:00,30.87,51,Rain,moderate rain
Telangana,Vikarabad,2026-06-10 18:00:00,27.32,67,Rain,heavy intensity rain
Telangana,Vikarabad,2026-06-10 21:00:00,23.3,88,Rain,moderate rain
Telangana,Vikarabad,2026-06-11 00:00:00,24.41,82,Rain,moderate rain
Telangana,Vikarabad,2026-06-11 03:00:00,26.36,73,Clouds,overcast clouds
Telangana,Vikarabad,2026-06-11 06:00:00,31.24,50,Clouds,overcast clouds
Telangana,Vikarabad,2026-06-11 09:00:00,34.23,39,Clouds,few clouds
Telangana,Vikarabad,2026-06-11 12:00:00,34.31,37,Clouds,few clouds
Telangana,Vikarabad,2026-06-11 15:00:00,30.77,50,Clear,clear sky
Telangana,Vikarabad,2026-06-11 18:00:00,28.73,56,Clear,clear sky
Telangana,Vikarabad,2026-06-11 21:00:00,26.37,65,Clear,clear sky
Telangana,Vikarabad,2026-06-12 00:00:00,25.01,72,Clouds,few clouds
Telangana,Vikarabad,2026-06-12 03:00:00,27.53,62,Clouds,scattered clouds
Telangana,Vikarabad,2026-06-12 06:00:00,31.8,47,Clouds,scattered clouds
Telangana,Vikarabad,2026-06-12 09:00:00,34.22,40,Clouds,broken clouds
Telangana,Vikarabad,2026-06-12 12:00:00,34.76,36,Clouds,broken clouds
Telangana,Vikarabad,2026-06-12 15:00:00,28.4,60,Rain,light rain
Telangana,Vikarabad,2026-06-12 18:00:00,24.22,79,Rain,moderate rain
Telangana,Vikarabad,2026-06-12 21:00:00,25.85,67,Rain,light rain
Telangana,Vikarabad,2026-06-13 00:00:00,21.71,82,Rain,light rain
Telangana,Vikarabad,2026-06-13 03:00:00,25.03,65,Rain,light rain
Telangana,Vikarabad,2026-06-13 06:00:00,29.6,47,Clouds,overcast clouds
Telangana,Vikarabad,2026-06-13 09:00:00,30.72,48,Clouds,overcast clouds
Telangana,Vikarabad,2026-06-13 12:00:00,31.01,46,Clouds,overcast clouds
Telangana,Vikarabad,2026-06-13 15:00:00,28.19,57,Rain,light rain
Telangana,Vikarabad,2026-06-13 18:00:00,26.91,61,Rain,light rain
Telangana,Vikarabad,2026-06-13 21:00:00,25.47,70,Rain,light rain
Telangana,Vikarabad,2026-06-14 00:00:00,25.8,72,Clouds,overcast clouds
Telangana,Vikarabad,2026-06-14 03:00:00,27.49,62,Clouds,overcast clouds
Telangana,Vikarabad,2026-06-14 06:00:00,30.69,47,Clouds,broken clouds
Telangana,Vikarabad,2026-06-14 09:00:00,30.93,45,Clouds,overcast clouds
Telangana,Vikarabad,2026-06-14 12:00:00,30.81,43,Clouds,overcast clouds
Telangana,Vikarabad,2026-06-14 15:00:00,29.54,47,Clouds,overcast clouds
Telangana,Vikarabad,2026-06-14 18:00:00,28.75,48,Clouds,overcast clouds
Telangana,Vikarabad,2026-06-14 21:00:00,26.57,59,Clouds,broken clouds
Telangana,Vikarabad,2026-06-15 00:00:00,25.43,66,Clouds,broken clouds
Telangana,Vikarabad,2026-06-15 03:00:00,27.64,58,Clouds,overcast clouds
Telangana,Vikarabad,2026-06-15 06:00:00,33.02,40,Clouds,broken clouds
Telangana,Vikarabad,2026-06-15 09:00:00,35.65,32,Clouds,scattered clouds
Telangana,Vikarabad,2026-06-15 12:00:00,35.0,29,Clouds,scattered clouds
Telangana,Warangal,2026-06-10 15:00:00,34.75,41,Rain,light rain
Telangana,Warangal,2026-06-10 18:00:00,30.51,59,Rain,moderate rain
Telangana,Warangal,2026-06-10 21:00:00,28.48,65,Rain,light rain
Telangana,Warangal,2026-06-11 00:00:00,28.3,60,Rain,light rain
Telangana,Warangal,2026-06-11 03:00:00,31.47,52,Clouds,overcast clouds
Telangana,Warangal,2026-06-11 06:00:00,36.2,39,Clouds,overcast clouds
Telangana,Warangal,2026-06-11 09:00:00,39.48,29,Clouds,broken clouds
Telangana,Warangal,2026-06-11 12:00:00,39.46,27,Clouds,broken clouds
Telangana,Warangal,2026-06-11 15:00:00,35.38,38,Clouds,few clouds
Telangana,Warangal,2026-06-11 18:00:00,33.45,45,Clouds,few clouds
Telangana,Warangal,2026-06-11 21:00:00,29.53,62,Rain,light rain
Telangana,Warangal,2026-06-12 00:00:00,27.15,74,Clouds,broken clouds
Telangana,Warangal,2026-06-12 03:00:00,30.16,61,Clouds,broken clouds
Telangana,Warangal,2026-06-12 06:00:00,36.25,38,Clouds,overcast clouds
Telangana,Warangal,2026-06-12 09:00:00,39.52,28,Clouds,overcast clouds
Telangana,Warangal,2026-06-12 12:00:00,36.19,37,Rain,light rain
Telangana,Warangal,2026-06-12 15:00:00,28.25,67,Rain,light rain
Telangana,Warangal,2026-06-12 18:00:00,28.49,65,Rain,light rain
Telangana,Warangal,2026-06-12 21:00:00,28.63,61,Rain,light rain
Telangana,Warangal,2026-06-13 00:00:00,27.82,71,Clouds,overcast clouds
Telangana,Warangal,2026-06-13 03:00:00,30.85,54,Clouds,overcast clouds
Telangana,Warangal,2026-06-13 06:00:00,35.71,39,Clouds,broken clouds
Telangana,Warangal,2026-06-13 09:00:00,38.34,31,Clouds,broken clouds
Telangana,Warangal,2026-06-13 12:00:00,35.69,37,Clouds,broken clouds
Telangana,Warangal,2026-06-13 15:00:00,33.71,43,Clouds,scattered clouds
Telangana,Warangal,2026-06-13 18:00:00,32.46,48,Clouds,scattered clouds
Telangana,Warangal,2026-06-13 21:00:00,31.48,50,Clouds,broken clouds
Telangana,Warangal,2026-06-14 00:00:00,29.21,53,Rain,light rain
Telangana,Warangal,2026-06-14 03:00:00,32.34,46,Clouds,overcast clouds
Telangana,Warangal,2026-06-14 06:00:00,35.99,36,Clouds,broken clouds
Telangana,Warangal,2026-06-14 09:00:00,37.09,33,Clouds,scattered clouds
Telangana,Warangal,2026-06-14 12:00:00,35.8,35,Clouds,scattered clouds
Telangana,Warangal,2026-06-14 15:00:00,33.44,43,Clouds,broken clouds
Telangana,Warangal,2026-06-14 18:00:00,32.65,46,Clouds,broken clouds
Telangana,Warangal,2026-06-14 21:00:00,30.67,54,Clouds,overcast clouds
Telangana,Warangal,2026-06-15 00:00:00,30.18,54,Clouds,overcast clouds
Telangana,Warangal,2026-06-15 03:00:00,31.69,45,Clouds,overcast clouds
Telangana,Warangal,2026-06-15 06:00:00,32.86,44,Clouds,overcast clouds
Telangana,Warangal,2026-06-15 09:00:00,36.59,34,Clouds,overcast clouds
Telangana,Warangal,2026-06-15 12:00:00,37.09,30,Clouds,overcast clouds
Telangana,Yadadri Bhuvanagiri,2026-06-10 15:00:00,24.39,89,Rain,heavy intensity rain
Telangana,Yadadri Bhuvanagiri,2026-06-10 18:00:00,25.99,72,Clouds,overcast clouds
Telangana,Yadadri Bhuvanagiri,2026-06-10 21:00:00,25.62,74,Rain,light rain
Telangana,Yadadri Bhuvanagiri,2026-06-11 00:00:00,25.49,72,Rain,light rain
Telangana,Yadadri Bhuvanagiri,2026-06-11 03:00:00,28.1,64,Clouds,overcast clouds
Telangana,Yadadri Bhuvanagiri,2026-06-11 06:00:00,32.75,47,Clouds,overcast clouds
Telangana,Yadadri Bhuvanagiri,2026-06-11 09:00:00,35.95,35,Clouds,overcast clouds
Telangana,Yadadri Bhuvanagiri,2026-06-11 12:00:00,35.84,34,Clouds,overcast clouds
Telangana,Yadadri Bhuvanagiri,2026-06-11 15:00:00,31.95,47,Clouds,scattered clouds
Telangana,Yadadri Bhuvanagiri,2026-06-11 18:00:00,29.89,52,Clouds,scattered clouds
Telangana,Yadadri Bhuvanagiri,2026-06-11 21:00:00,29.12,55,Rain,light rain
Telangana,Yadadri Bhuvanagiri,2026-06-12 00:00:00,26.44,72,Rain,light rain
Telangana,Yadadri Bhuvanagiri,2026-06-12 03:00:00,29.68,58,Clouds,broken clouds
Telangana,Yadadri Bhuvanagiri,2026-06-12 06:00:00,34.12,43,Clouds,broken clouds
Telangana,Yadadri Bhuvanagiri,2026-06-12 09:00:00,36.85,34,Clouds,overcast clouds
Telangana,Yadadri Bhuvanagiri,2026-06-12 12:00:00,25.09,81,Rain,moderate rain
Telangana,Yadadri Bhuvanagiri,2026-06-12 15:00:00,23.78,82,Rain,heavy intensity rain
Telangana,Yadadri Bhuvanagiri,2026-06-12 18:00:00,25.81,71,Rain,light rain
Telangana,Yadadri Bhuvanagiri,2026-06-12 21:00:00,24.98,79,Rain,light rain
Telangana,Yadadri Bhuvanagiri,2026-06-13 00:00:00,26.36,68,Clouds,overcast clouds
Telangana,Yadadri Bhuvanagiri,2026-06-13 03:00:00,25.87,70,Clouds,overcast clouds
Telangana,Yadadri Bhuvanagiri,2026-06-13 06:00:00,33.23,41,Clouds,overcast clouds
Telangana,Yadadri Bhuvanagiri,2026-06-13 09:00:00,34.51,38,Clouds,scattered clouds
Telangana,Yadadri Bhuvanagiri,2026-06-13 12:00:00,33.41,41,Clouds,scattered clouds
Telangana,Yadadri Bhuvanagiri,2026-06-13 15:00:00,31.09,49,Clouds,broken clouds
Telangana,Yadadri Bhuvanagiri,2026-06-13 18:00:00,29.37,56,Clouds,broken clouds
Telangana,Yadadri Bhuvanagiri,2026-06-13 21:00:00,28.86,56,Rain,light rain
Telangana,Yadadri Bhuvanagiri,2026-06-14 00:00:00,27.02,61,Rain,light rain
Telangana,Yadadri Bhuvanagiri,2026-06-14 03:00:00,28.83,59,Clouds,overcast clouds
Telangana,Yadadri Bhuvanagiri,2026-06-14 06:00:00,29.51,55,Clouds,overcast clouds
Telangana,Yadadri Bhuvanagiri,2026-06-14 09:00:00,30.68,50,Clouds,overcast clouds
Telangana,Yadadri Bhuvanagiri,2026-06-14 12:00:00,31.15,47,Clouds,overcast clouds
Telangana,Yadadri Bhuvanagiri,2026-06-14 15:00:00,29.5,50,Clouds,broken clouds
Telangana,Yadadri Bhuvanagiri,2026-06-14 18:00:00,28.63,51,Clouds,broken clouds
Telangana,Yadadri Bhuvanagiri,2026-06-14 21:00:00,28.91,49,Clouds,overcast clouds
Telangana,Yadadri Bhuvanagiri,2026-06-15 00:00:00,28.05,53,Clouds,overcast clouds
Telangana,Yadadri Bhuvanagiri,2026-06-15 03:00:00,29.58,54,Clouds,overcast clouds
Telangana,Yadadri Bhuvanagiri,2026-06-15 06:00:00,30.59,50,Clouds,overcast clouds
Telangana,Yadadri Bhuvanagiri,2026-06-15 09:00:00,31.6,47,Clouds,overcast clouds
Telangana,Yadadri Bhuvanagiri,2026-06-15 12:00:00,32.61,44,Clouds,overcast clouds
